Date,Ring,Tree,Canopy,CO2,gm-Tobacco,gm-Tobacco (bar-1),gm-Eglob,gm-Eglob (bar-1),photo,gs,Ci,Tleaf,Cc-gmTob,Cc-gmGlob,Drawdown
22/10/2014,R1,202,upper,amb,0.158,0.155,0.135,0.132,20.219,0.342,282.195,25.38,410.1633544,431.9653704,127.9683544
22/10/2014,R1,202,upper,amb,0.126,0.123,0.11,0.108,20.058,0.284,262.555,25.716,421.7454762,444.9004545,159.1904762
22/10/2014,R1,202,upper,amb,0.126,0.123,0.11,0.108,20.442,0.288,261.603,25.432,423.8410952,447.4393636,162.2380952
22/10/2014,R1,202,upper,amb,0.143,0.14,0.124,0.121,20.6,0.291,261.401,25.194,405.4569441,427.5300323,144.0559441
22/10/2014,R1,202,upper,amb,0.13,0.128,0.114,0.112,20.794,0.297,263.247,25.047,423.2008462,445.6505088,159.9538462
22/10/2014,R1,202,upper,amb,0.158,0.154,0.135,0.133,20.826,0.3,264.703,24.975,396.5131266,418.9696667,131.8101266
22/10/2014,R1,202,upper,amb,0.126,0.124,0.112,0.109,20.889,0.303,265.3,24.908,431.0857143,451.8089286,165.7857143
22/10/2014,R1,202,upper,elev,0.152,0.149,0.135,0.132,26.026,0.371,405.361,25.189,576.5846842,598.1461852,171.2236842
22/10/2014,R1,202,upper,elev,0.153,0.15,0.135,0.132,25.328,0.308,387.979,26.03,553.5214837,575.5938148,165.5424837
22/10/2014,R1,202,upper,elev,0.128,0.125,0.115,0.113,25.752,0.308,384.751,25.79,585.9385,608.6814348,201.1875
22/10/2014,R1,202,upper,elev,0.176,0.172,0.153,0.15,25.589,0.309,386.324,25.401,531.7160455,553.572366,145.3920455
22/10/2014,R1,202,upper,elev,0.158,0.155,0.139,0.137,25.459,0.31,387.793,25.037,548.9259114,570.9512734,161.1329114
22/10/2014,R1,202,upper,elev,0.157,0.154,0.138,0.136,25.321,0.318,392.29,24.804,553.5702548,575.7755072,161.2802548
22/10/2014,R1,202,upper,elev,0.148,0.145,0.131,0.128,25.033,0.309,392.064,24.943,561.2058919,583.1556031,169.1418919
22/10/2014,R1,116,lower,elev,0.088,0.086,0.079,0.077,16.927,0.12,287.857,26.332,480.2092727,502.1228228,192.3522727
22/10/2014,R1,116,lower,elev,0.118,0.116,0.102,0.1,16.609,0.119,289.525,26.34,430.2792373,452.3583333,140.7542373
22/10/2014,R1,116,lower,elev,0.123,0.121,0.106,0.104,17.04,0.122,288.794,25.862,427.3305854,449.548717,138.5365854
22/10/2014,R1,116,lower,elev,0.101,0.099,0.089,0.088,17.089,0.126,296.386,25.404,465.5840198,488.397236,169.1980198
22/10/2014,R1,116,lower,elev,0.095,0.093,0.085,0.083,17.206,0.129,299.08,25.143,480.1957895,501.5035294,181.1157895
22/10/2014,R1,116,lower,elev,0.092,0.091,0.083,0.081,17.485,0.133,301.583,25.383,491.6373478,512.2456506,190.0543478
22/10/2014,R1,116,lower,elev,0.087,0.085,0.078,0.077,17.617,0.137,305.163,25.461,507.6572529,531.0219744,202.4942529
22/10/2014,R1,116,lower,amb,0.092,0.091,0.081,0.079,14.071,0.184,252.353,24.66,405.2986522,426.0690494,152.9456522
22/10/2014,R1,116,lower,amb,0.1,0.098,0.086,0.084,13.883,0.167,240.414,26.139,379.244,401.8442326,138.83
22/10/2014,R1,116,lower,amb,0.095,0.093,0.082,0.081,14.297,0.177,243.58,25.811,394.0747368,417.9336585,150.4947368
22/10/2014,R1,116,lower,amb,0.104,0.102,0.09,0.088,14.549,0.183,245.663,25.547,385.5572308,407.3185556,139.8942308
22/10/2014,R1,116,lower,amb,0.127,0.125,0.107,0.105,14.715,0.188,246.866,25.416,362.7321417,384.3893645,115.8661417
22/10/2014,R1,116,lower,amb,0.126,0.124,0.106,0.104,14.517,0.192,251.63,25.286,366.8442857,388.5828302,115.2142857
22/10/2014,R1,116,lower,amb,0.109,0.107,0.094,0.092,14.891,0.196,250.688,25.159,387.3026789,409.1028936,136.6146789
22/10/2014,R2,202,lower,amb,0.095,0.093,0.079,0.078,10.505,0.11,228.298,24.233,338.8769474,361.2726835,110.5789474
22/10/2014,R2,202,lower,amb,0.161,0.158,0.118,0.116,9.967,0.096,215.403,25.831,277.3098323,299.8691017,61.9068323
22/10/2014,R2,202,lower,amb,0.251,0.247,0.163,0.16,10.297,0.093,205.312,25.633,246.3359044,268.4837791,41.02390438
22/10/2014,R2,202,lower,amb,0.152,0.149,0.114,0.112,10.082,0.091,205.951,25.33,272.2799474,294.3895965,66.32894737
22/10/2014,R2,202,lower,amb,0.225,0.221,0.151,0.148,9.803,0.091,210.775,25.024,254.3438889,275.6955298,43.56888889
22/10/2014,R2,202,lower,amb,0.086,0.084,0.072,0.071,9.768,0.09,210.88,24.836,324.4613953,346.5466667,113.5813953
22/10/2014,R2,202,lower,amb,0.211,0.207,0.144,0.141,9.641,0.09,212.547,24.631,258.2389431,279.4983889,45.69194313
22/10/2014,R2,202,lower,elev,0.11,0.108,0.092,0.09,11.28,0.069,270.547,23.724,373.0924545,393.1556957,102.5454545
22/10/2014,R2,202,lower,elev,0.185,0.182,0.131,0.129,9.968,0.06,266.285,26.059,320.1660811,342.3766031,53.88108108
22/10/2014,R2,202,lower,elev,0.213,0.209,0.144,0.142,9.766,0.056,255.224,25.728,301.0737653,323.0434444,45.84976526
22/10/2014,R2,202,lower,elev,0.084,0.083,0.07,0.069,9.208,0.054,259.122,25.344,368.7410476,390.6648571,109.6190476
22/10/2014,R1,116,upper,ambient,0.244,0.239,0.163,0.16,10.242,0.141,266.92,24.241,308.8954098,329.7543558,41.97540984
22/10/2014,R1,116,upper,ambient,0.1,0.098,0.082,0.08,9.858,0.118,249.277,25.635,347.857,369.4965122,98.58
22/10/2014,R1,116,upper,ambient,0.092,0.09,0.076,0.075,9.862,0.114,245.724,24.889,352.9196522,375.4871579,107.1956522
22/10/2014,R1,116,upper,ambient,0.262,0.256,0.165,0.162,9.504,0.109,245.458,24.895,281.7328092,303.058,36.27480916
22/10/2014,R1,116,upper,ambient,0.076,0.075,0.065,0.063,9.418,0.105,242.178,24.981,366.0990526,387.0703077,123.9210526
22/10/2014,R1,116,upper,ambient,0.152,0.149,0.113,0.11,9.345,0.104,241.479,25.058,302.9592632,324.178115,61.48026316
22/10/2014,R1,116,upper,ambient,0.102,0.1,0.082,0.081,9.36,0.102,239.313,25.057,331.0777059,353.4593415,91.76470588
22/10/2014,R1,116,upper,elev,0.173,0.17,0.133,0.131,12.289,0.1,332.735,24.808,403.7696821,425.1334962,71.03468208
22/10/2014,R1,116,upper,elev,0.076,0.074,0.066,0.065,11.776,0.087,314.09,25.507,469.0373684,492.5142424,154.9473684
22/10/2014,R1,116,upper,elev,0.132,0.129,0.106,0.104,11.52,0.086,316.448,25.056,403.7207273,425.1272453,87.27272727
22/10/2014,R1,116,upper,elev,0.135,0.132,0.107,0.105,10.989,0.084,322.123,24.974,403.523,424.8239346,81.4
22/10/2014,R1,116,upper,elev,,,,,11.143,0.082,313.775,24.949,#DIV/0!,#DIV/0!,#DIV/0!
22/10/2014,R1,116,upper,elev,,,0.669,0.656,11.191,0.08,308.135,24.944,#DIV/0!,324.8629522,#DIV/0!
22/10/2014,R1,116,upper,elev,0.093,0.091,0.079,0.077,10.959,0.079,311.308,24.904,429.1467097,450.029519,117.8387097
23/10/2014,R4,408,upper,amb,0.088,0.087,0.076,0.075,11.625,0.111,214.266,24.38,346.3682727,367.2265263,132.1022727
23/10/2014,R4,408,upper,amb,0.099,0.097,0.083,0.081,11.425,0.097,191.273,25.866,306.6770404,328.9236024,115.4040404
23/10/2014,R4,408,upper,amb,0.261,0.258,0.176,0.173,11.851,0.099,189.127,25.38,234.5331303,256.4622273,45.40613027
23/10/2014,R4,408,upper,amb,0.314,0.31,0.201,0.198,12.035,0.1,187.942,24.935,226.2700255,247.8176219,38.32802548
23/10/2014,R4,408,upper,amb,0.297,0.293,0.194,0.191,12.065,0.106,197.266,24.85,237.8888956,259.4567216,40.62289562
23/10/2014,R4,408,upper,amb,0.135,0.134,0.109,0.108,12.418,0.109,195.971,24.855,287.9561852,309.8976055,91.98518519
23/10/2014,R4,408,upper,amb,0.154,0.152,0.122,0.12,12.622,0.11,195.524,25.007,277.485039,298.9830164,81.96103896
23/10/2014,R4,408,upper,elev,0.085,0.084,0.078,0.077,19.087,0.145,310.246,24.324,534.7989412,554.9511282,224.5529412
23/10/2014,R4,408,upper,elev,0.085,0.084,0.077,0.076,18.78,0.128,286.419,25.803,507.3601765,530.3151039,220.9411765
23/10/2014,R4,408,upper,elev,0.069,0.068,0.064,0.063,19.246,0.132,287.782,25.326,566.7095362,588.50075,278.9275362
23/10/2014,R4,408,upper,elev,0.076,0.075,0.07,0.069,19.387,0.134,289.712,24.957,544.8041053,566.6691429,255.0921053
23/10/2014,R4,408,upper,elev,0.09,0.089,0.082,0.081,19.283,0.134,291.703,24.925,505.9585556,526.8615366,214.2555556
23/10/2014,R4,408,upper,elev,0.102,0.101,0.091,0.09,19.444,0.136,292.428,24.892,483.055451,506.0983297,190.627451
23/10/2014,R4,408,upper,elev,0.081,0.08,0.074,0.073,19.425,0.134,289.969,25.258,529.7838148,552.469,239.8148148
23/10/2014,R4,422,lower,amb,0.064,0.063,0.058,0.058,14.634,0.243,276.689,25.535,505.34525,528.9993448,228.65625
23/10/2014,R4,422,lower,amb,0.071,0.07,0.063,0.062,14.45,0.208,261.895,26.804,465.4161268,491.2600794,203.5211268
23/10/2014,R4,422,lower,amb,0.072,0.071,0.065,0.064,14.804,0.202,254.629,26.711,460.2401111,482.3828462,205.6111111
23/10/2014,R4,422,lower,amb,0.074,0.073,0.067,0.066,15.077,0.198,249.396,26.64,453.1392432,474.4258507,203.7432432
23/10/2014,R4,422,lower,amb,0.059,0.058,0.054,0.054,15.039,0.197,249.239,26.626,504.1373051,527.739,254.8983051
23/10/2014,R4,422,lower,amb,0.055,0.054,0.051,0.05,15.105,0.199,250.437,26.661,525.0733636,546.6134706,274.6363636
23/10/2014,R4,422,lower,amb,0.06,0.06,0.055,0.054,15.259,0.202,250.514,26.674,504.8306667,527.9503636,254.3166667
23/10/2014,R4,422,lower,elev,0.072,0.071,0.067,0.066,21.859,0.228,365.715,26.781,669.3122222,691.9687313,303.5972222
23/10/2014,R4,422,lower,elev,0.073,0.072,0.068,0.067,21.49,0.215,358.896,27.299,653.2795616,674.9254118,294.3835616
23/10/2014,R4,422,lower,elev,0.088,0.087,0.08,0.08,21.797,0.217,358.18,27.246,605.8731818,630.6425,247.6931818
23/10/2014,R4,422,lower,elev,0.112,0.111,0.1,0.099,21.869,0.22,359.752,27.285,555.0109286,578.442,195.2589286
23/10/2014,R4,422,lower,elev,0.102,0.1,0.091,0.09,21.893,0.214,353.755,27.817,568.3922549,594.3374176,214.6372549
23/10/2014,R4,422,lower,elev,0.086,0.085,0.079,0.078,22.005,0.225,361.22,27.397,617.092093,639.7643038,255.872093
23/10/2014,R4,422,lower,elev,0.088,0.087,0.08,0.079,22.048,0.226,362.231,27.438,612.7764545,637.831,250.5454545
23/10/2014,R4,408,lower,amb,0.059,0.058,0.049,0.048,7.668,0.083,230.945,30.258,360.9111017,387.4347959,129.9661017
23/10/2014,R4,408,lower,amb,0.059,0.058,0.049,0.049,7.873,0.085,227.728,30.5,361.168678,388.4014694,133.440678
23/10/2014,R4,408,lower,amb,0.076,0.075,0.061,0.06,8.106,0.09,232.385,30.398,339.0428947,365.2702459,106.6578947
23/10/2014,R4,408,lower,amb,0.185,0.183,0.116,0.115,8.243,0.09,227.141,31.157,271.6977568,298.2013448,44.55675676
23/10/2014,R4,408,lower,amb,0.173,0.172,0.114,0.113,8.819,0.094,223.511,30.921,274.4878786,300.8706491,50.97687861
23/10/2014,R4,408,lower,amb,0.13,0.129,0.093,0.092,8.709,0.092,222.477,31.462,289.4693077,316.1221613,66.99230769
23/10/2014,R6,outer_1,upper,amb,0.315,0.311,0.229,0.226,18.329,0.254,249.774,25.06,307.9613016,329.8133013,58.18730159
23/10/2014,R6,outer_1,upper,amb,0.397,0.392,0.259,0.255,17.2,0.212,236.826,26.946,280.150937,303.2352664,43.32493703
23/10/2014,R6,outer_1,upper,amb,0.861,0.85,0.405,0.4,17.62,0.216,235.107,26.819,255.5715761,278.6131728,20.46457607
23/10/2014,R6,outer_1,upper,amb,0.277,0.273,0.204,0.201,17.768,0.218,235.517,26.66,299.6614043,322.6150392,64.14440433
23/10/2014,R6,outer_1,upper,amb,0.216,0.213,0.169,0.167,17.864,0.22,235.99,26.521,318.6937037,341.694142,82.7037037
23/10/2014,R6,outer_1,upper,amb,0.207,0.204,0.163,0.161,17.612,0.222,237.892,26.42,322.9741256,345.9410798,85.0821256
23/10/2014,R6,outer_1,upper,amb,0.213,0.21,0.167,0.165,17.706,0.224,238.363,26.343,321.4897606,344.3869521,83.12676056
23/10/2014,R6,outer_1,upper,elev,0.265,0.262,0.213,0.21,24.498,0.254,364.833,26.183,457.278283,479.8470845,92.44528302
23/10/2014,R6,outer_1,upper,elev,0.2,0.197,0.168,0.166,24.167,0.234,354.079,26.61,474.914,497.9301905,120.835
23/10/2014,R6,outer_1,upper,elev,0.36,0.355,0.269,0.266,24.05,0.235,356.82,26.202,423.6255556,446.2252045,66.80555556
23/10/2014,R6,outer_1,upper,elev,0.314,0.31,0.244,0.241,24.034,0.236,357.361,25.772,433.9024013,455.861,76.54140127
23/10/2014,R6,outer_1,upper,elev,0.392,0.387,0.288,0.284,23.544,0.237,362.854,25.369,422.9152245,444.604,60.06122449
23/10/2014,R6,outer_1,upper,elev,0.273,0.27,0.218,0.215,23.299,0.236,364.193,25.109,449.5373223,471.0691468,85.34432234
23/10/2014,R6,outer_1,upper,elev,0.334,0.33,0.254,0.251,23.03,0.235,364.674,25.329,433.6260958,455.3432913,68.95209581
23/10/2014,R6,outer_1,lower,amb,,,0.456,0.451,8.171,0.106,251.717,26.035,#DIV/0!,269.6358596,#DIV/0!
23/10/2014,R6,outer_1,lower,amb,0.045,0.045,0.04,0.04,8.374,0.102,243.899,26.321,429.9878889,453.249,186.0888889
23/10/2014,R6,outer_1,lower,amb,0.164,0.162,0.115,0.114,8.542,0.103,240.019,26.212,292.1043659,314.2972609,52.08536585
23/10/2014,R6,outer_1,lower,amb,0.153,0.152,0.105,0.104,7.398,0.104,260.558,26.078,308.9109412,331.0151429,48.35294118
23/10/2014,R6,outer_1,lower,amb,0.063,0.062,0.054,0.054,8.591,0.105,243.374,26.017,379.7390794,402.4665926,136.3650794
23/10/2014,R6,outer_1,lower,amb,0.044,0.043,0.039,0.038,8.243,0.107,251.492,26.001,438.8329091,462.8509744,187.3409091
23/10/2014,R6,outer_1,lower,elev,0.072,0.072,0.064,0.063,12.695,0.112,339.752,26.996,516.0714444,538.111375,176.3194444
23/10/2014,R6,outer_1,lower,elev,0.109,0.108,0.091,0.09,12.589,0.11,339.452,27.094,454.9474128,477.7926593,115.4954128
23/10/2014,R6,outer_1,lower,elev,0.106,0.105,0.089,0.088,12.71,0.111,338.123,26.996,458.0286604,480.9319888,119.9056604
23/10/2014,R6,outer_1,lower,elev,0.085,0.084,0.073,0.073,12.25,0.112,347.495,26.94,491.6126471,515.3032192,144.1176471
23/10/2014,R6,outer_1,lower,elev,0.136,0.134,0.109,0.108,12.812,0.112,339.198,26.905,433.4038824,456.7392844,94.20588235
23/10/2014,R6,outer_1,lower,elev,0.144,0.142,0.115,0.113,12.873,0.112,338.764,26.938,428.1598333,450.7031304,89.39583333
23/10/2014,R6,outer_2,lower,amb,0.296,0.293,0.205,0.203,15.327,0.293,296.858,27.224,348.6384054,371.6238537,51.78040541
23/10/2014,R6,outer_2,lower,amb,0.216,0.214,0.164,0.162,15.579,0.293,295.311,27.033,367.436,390.3049024,72.125
23/10/2014,R6,outer_2,lower,amb,0.148,0.147,0.122,0.12,15.673,0.291,294.144,26.903,400.0426486,422.6112131,105.8986486
23/10/2014,R6,outer_2,lower,amb,0.137,0.136,0.114,0.113,15.612,0.29,293.788,26.797,407.7442044,430.7353684,113.9562044
23/10/2014,R6,outer_2,lower,amb,0.146,0.145,0.12,0.119,15.583,0.289,294.517,26.722,401.2498767,424.3753333,106.7328767
23/10/2014,R6,outer_2,lower,amb,0.16,0.158,0.129,0.128,15.332,0.288,294.34,26.686,390.165,413.1927132,95.825
23/10/2014,R6,outer_2,lower,amb,0.151,0.149,0.124,0.122,15.744,0.287,293.323,26.683,397.5879007,420.2907419,104.2649007
23/10/2014,R6,outer_2,lower,elev,0.396,0.391,0.267,0.264,19.384,0.277,411.295,28.085,460.2444949,483.8942509,48.94949495
23/10/2014,R6,outer_2,lower,elev,0.599,0.593,0.347,0.343,19.609,0.276,408.298,28.37,441.034227,464.8080865,32.73622705
23/10/2014,R6,outer_2,lower,elev,0.487,0.482,0.306,0.303,19.662,0.275,408.494,28.56,448.8677166,472.748902,40.37371663
23/10/2014,R6,outer_2,lower,elev,0.282,0.279,0.209,0.207,19.521,0.273,407.533,28.727,476.7564043,500.9349139,69.22340426
23/10/2014,R6,outer_2,lower,elev,0.14,0.138,0.119,0.118,19.427,0.272,408.186,28.927,546.9502857,571.4381008,138.7642857
23/10/2014,R6,outer_2,lower,elev,0.176,0.174,0.144,0.142,19.47,0.271,406.91,29.085,517.535,542.1183333,110.625
27/10/2014,R5,501,upper,amb,0.112,0.111,0.093,0.093,13.274,0.176,254.3,27.014,372.8178571,397.0311828,118.5178571
27/10/2014,R5,501,upper,amb,0.646,0.645,0.305,0.304,13.295,0.17,250.46,27.071,271.0404954,294.0501639,20.58049536
27/10/2014,R5,501,upper,amb,0.086,0.086,0.075,0.075,13.359,0.166,247.807,26.381,403.1442093,425.927,155.3372093
27/10/2014,R5,501,upper,amb,0.423,0.422,0.251,0.251,13.566,0.165,244.691,25.58,276.761922,298.7388088,32.07092199
27/10/2014,R5,501,upper,amb,0.099,0.099,0.086,0.085,13.416,0.163,246.733,24.9,382.2481515,402.733,135.5151515
27/10/2014,R5,501,upper,amb,0.3,0.299,0.203,0.203,13.371,0.164,248.445,24.584,293.015,314.3119951,44.57
27/10/2014,R5,501,upper,elev,0.209,0.208,0.164,0.164,17.102,0.148,336.99,25.72,418.8177512,441.2704878,81.8277512
27/10/2014,R5,501,upper,elev,0.137,0.137,0.118,0.117,17.903,0.152,334.115,24.693,464.7938321,485.835339,130.6788321
27/10/2014,R5,501,upper,elev,0.225,0.225,0.176,0.176,17.339,0.151,339.421,24.688,416.4832222,437.9380455,77.06222222
27/10/2014,R5,501,upper,elev,0.171,0.17,0.142,0.141,18.009,0.148,327.749,24.828,433.0647895,454.5729437,105.3157895
27/10/2014,R5,501,upper,elev,,,,,17.506,0.146,330.644,24.896,#DIV/0!,#DIV/0!,#DIV/0!
27/10/2014,R5,501,upper,elev,0.133,0.132,0.114,0.114,17.735,0.145,326.369,24.771,459.7148647,481.9391754,133.3458647
27/10/2014,R3,301,upper,amb,0.182,0.182,0.147,0.146,17.256,0.193,239.055,26.665,333.8681868,356.4427551,94.81318681
27/10/2014,R3,301,upper,amb,0.163,0.163,0.135,0.134,17.215,0.189,237.031,25.823,342.6444969,364.5495185,105.6134969
27/10/2014,R3,301,upper,amb,0.164,0.164,0.136,0.135,17.066,0.189,240.36,24.901,344.4209756,365.8452941,104.0609756
27/10/2014,R3,301,upper,amb,0.151,0.151,0.126,0.126,16.812,0.188,241.188,24.801,352.5257483,374.6165714,111.3377483
27/10/2014,R3,301,upper,amb,0.136,0.136,0.115,0.115,16.448,0.186,242.382,24.829,363.3231765,385.408087,120.9411765
27/10/2014,R3,301,upper,amb,0.227,0.227,0.175,0.175,16.538,0.185,242.579,24.93,315.4336256,337.0818571,72.85462555
27/10/2014,R3,301,upper,elev,0.305,0.304,0.233,0.233,21.403,0.171,322.551,25.016,392.7247705,414.4093691,70.17377049
27/10/2014,R3,301,upper,elev,0.395,0.394,0.283,0.283,21.412,0.172,324.637,24.668,378.8445949,400.2977774,54.20759494
27/10/2014,R3,301,upper,elev,0.319,0.318,0.241,0.24,21.12,0.168,322.471,24.781,388.6778966,410.1058548,66.20689655
27/10/2014,R3,301,upper,elev,0.438,0.436,0.302,0.301,20.949,0.164,318.81,24.908,366.6387671,388.1775497,47.82876712
27/10/2014,R3,301,upper,elev,0.269,0.268,0.21,0.21,20.841,0.162,318.538,24.86,396.0138364,417.7808571,77.47583643
27/10/2014,R3,301,upper,elev,0.251,0.25,0.199,0.198,20.56,0.159,317.772,24.912,399.6843506,421.0885829,81.9123506
27/10/2014,R3,301,lower,amb,0.458,0.457,0.267,0.266,13.612,0.149,243.538,24.79,273.258524,294.5192734,29.72052402
27/10/2014,R3,301,lower,amb,0.244,0.244,0.176,0.175,13.408,0.144,240.722,24.757,295.6728197,316.9038182,54.95081967
27/10/2014,R3,301,lower,amb,0.142,0.142,0.115,0.115,13.204,0.136,236.131,25.068,329.1169155,350.9483913,92.98591549
27/10/2014,R3,301,lower,amb,0.154,0.154,0.123,0.123,13.037,0.134,234.39,25.022,319.0458442,340.3818699,84.65584416
27/10/2014,R3,301,lower,amb,0.224,0.223,0.162,0.162,12.845,0.129,232.299,24.938,289.64275,311.5891235,57.34375
27/10/2014,R3,301,lower,elev,,,,,15.774,0.098,269.984,25.447,#DIV/0!,#DIV/0!,#DIV/0!
27/10/2014,R3,301,lower,elev,0.26,0.259,0.19,0.19,15.365,0.094,267.2,25.164,326.2961538,348.0684211,59.09615385
27/10/2014,R3,301,lower,elev,0.282,0.282,0.2,0.2,14.937,0.089,261.867,25.124,314.8350851,336.552,52.96808511
27/10/2014,R3,301,lower,elev,0.208,0.208,0.158,0.158,14.372,0.083,252.865,25.209,321.9611538,343.8270253,69.09615385
27/10/2014,R3,301,lower,elev,,,0.637,0.637,14,0.079,245.288,25.205,#DIV/0!,267.266022,#DIV/0!
27/10/2014,R3,301,lower,elev,0.223,0.223,0.165,0.165,13.594,0.077,246.942,25.094,307.9016413,329.3298788,60.95964126
28/10/2014,R1,117,upper,amb,0.197,0.195,0.145,0.144,11.779,0.157,256.583,25.012,316.3748782,337.8174828,59.79187817
28/10/2014,R1,117,upper,amb,,,0.521,0.517,11.759,0.129,229.924,25.925,#DIV/0!,252.4940576,#DIV/0!
28/10/2014,R1,117,upper,amb,,,0.672,0.667,11.876,0.133,233.336,25.517,#DIV/0!,251.008619,#DIV/0!
28/10/2014,R1,117,upper,amb,0.683,0.678,0.308,0.306,12.091,0.138,235.477,25.169,253.1797818,274.7334935,17.70278184
28/10/2014,R1,117,upper,amb,0.25,0.249,0.174,0.173,12.227,0.148,242.774,24.73,291.682,313.0441149,48.908
28/10/2014,R1,117,upper,amb,0.128,0.127,0.104,0.104,12.237,0.151,245.468,24.907,341.0695625,363.1314615,95.6015625
28/10/2014,R1,117,upper,amb,0.084,0.083,0.073,0.073,12.441,0.152,243.892,24.87,391.9991429,414.3166575,148.1071429
28/10/2014,R1,117,upper,elev,0.201,0.199,0.16,0.159,17.414,0.152,343.541,25.822,430.1778159,452.3785,86.63681592
28/10/2014,R1,117,upper,elev,0.322,0.32,0.231,0.229,17.659,0.151,340.359,25.376,395.2006149,416.8048874,54.84161491
28/10/2014,R1,117,upper,elev,0.238,0.237,0.185,0.184,17.632,0.157,348.381,24.838,422.4650336,443.6891081,74.08403361
28/10/2014,R1,117,upper,elev,0.183,0.182,0.15,0.149,17.657,0.16,351.544,24.864,448.0303388,469.2573333,96.4863388
28/10/2014,R1,117,upper,elev,0.099,0.099,0.089,0.088,17.636,0.159,351.406,24.902,529.5474141,549.5633034,178.1414141
28/10/2014,R1,117,upper,elev,0.097,0.097,0.087,0.086,17.619,0.161,353.571,24.876,535.2101753,556.0882414,181.6391753
28/10/2014,R1,117,lower,amb,0.076,0.075,0.068,0.067,15.24,0.233,272.678,27.304,473.2043158,496.7956471,200.5263158
28/10/2014,R1,117,lower,amb,0.269,0.267,0.192,0.191,15.546,0.237,272.18,27.189,329.9718216,353.14875,57.79182156
28/10/2014,R1,117,lower,amb,0.071,0.07,0.064,0.064,15.544,0.239,273.314,27.154,492.2435775,516.189,218.9295775
28/10/2014,R1,117,lower,amb,0.058,0.058,0.053,0.053,15.475,0.243,275.082,27.206,541.8923448,567.0631321,266.8103448
28/10/2014,R1,117,lower,amb,,,,,15.622,0.246,275.318,27.291,#DIV/0!,#DIV/0!,#DIV/0!
28/10/2014,R1,117,lower,amb,0.44,0.437,0.266,0.264,15.646,0.248,275.963,27.403,311.5220909,334.7825489,35.55909091
28/10/2014,R1,117,lower,elev,0.426,0.424,0.288,0.286,21.013,0.244,380.862,28.001,430.1882911,453.8238056,49.32629108
28/10/2014,R1,117,lower,elev,0.081,0.08,0.074,0.073,20.778,0.24,381.048,28.04,637.5665185,661.8317838,256.5185185
28/10/2014,R1,117,lower,elev,,,,,20.857,0.241,380.839,28.215,#DIV/0!,#DIV/0!,#DIV/0!
28/10/2014,R1,117,lower,elev,0.097,0.097,0.087,0.087,20.665,0.238,380.803,28.351,593.8442371,618.3317356,213.0412371
28/10/2014,R1,117,lower,elev,0.215,0.214,0.172,0.171,20.724,0.237,379.47,28.438,475.8606977,499.9583721,96.39069767
28/10/2014,R1,117,lower,elev,0.105,0.105,0.094,0.093,20.724,0.235,378.145,28.605,575.5164286,598.6130851,197.3714286
28/10/2014,R1,117,lower,elev,0.208,0.207,0.167,0.166,20.697,0.235,377.948,28.669,477.4528077,501.8821317,99.50480769
28/10/2014,R2,208,upper,amb,0.056,0.055,0.05,0.05,11.214,0.117,227.992,25.95,428.242,452.272,200.25
28/10/2014,R2,208,upper,amb,0.087,0.086,0.074,0.074,11.967,0.102,192.752,25.656,330.3037241,354.4682162,137.5517241
28/10/2014,R2,208,upper,amb,0.235,0.233,0.169,0.168,13.003,0.113,196.593,24.688,251.9249149,273.5338284,55.33191489
28/10/2014,R2,208,upper,amb,0.839,0.833,0.343,0.34,12.401,0.118,211.681,24.819,226.4616913,247.835519,14.7806913
28/10/2014,R2,208,upper,amb,,,,,12.536,0.121,214.336,24.92,#DIV/0!,#DIV/0!,#DIV/0!
28/10/2014,R2,208,upper,amb,,,,,12.9,0.12,207.688,24.761,#DIV/0!,#DIV/0!,#DIV/0!
28/10/2014,R2,208,upper,elev,0.084,0.084,0.076,0.076,18.368,0.157,335.366,25.674,554.0326667,577.0502105,218.6666667
28/10/2014,R2,208,upper,elev,0.092,0.091,0.082,0.082,18.381,0.134,304.543,25.534,504.3364783,528.7015366,199.7934783
28/10/2014,R2,208,upper,elev,0.14,0.139,0.12,0.119,18.593,0.134,301.304,25.162,434.1111429,456.2456667,132.8071429
28/10/2014,R2,208,upper,elev,0.153,0.152,0.13,0.129,18.762,0.133,298.529,24.936,421.156451,442.8520769,122.627451
28/10/2014,R2,208,upper,elev,0.247,0.245,0.192,0.191,18.49,0.135,304.745,24.661,379.6032996,401.0470833,74.8582996
28/10/2014,R2,208,upper,elev,,,,,18.576,0.134,301.967,24.727,#DIV/0!,#DIV/0!,#DIV/0!
28/10/2014,R2,208,lower,amb,0.062,0.061,0.055,0.054,10.992,0.107,217.712,26.187,395.0023226,417.5665455,177.2903226
28/10/2014,R2,208,lower,amb,0.051,0.051,0.047,0.046,11.723,0.108,207.508,25.511,437.3707451,456.9335319,229.8627451
28/10/2014,R2,208,lower,amb,0.157,0.156,0.122,0.122,12.201,0.112,206.738,25.183,284.4513758,306.7461967,77.7133758
28/10/2014,R2,208,lower,amb,,,,,12.454,0.115,207.63,25.108,#DIV/0!,#DIV/0!,#DIV/0!
28/10/2014,R2,208,lower,amb,0.275,0.274,0.188,0.187,13,0.12,205.909,25.179,253.1817273,275.0579362,47.27272727
28/10/2014,R2,208,lower,amb,0.073,0.072,0.065,0.064,13.211,0.124,209.112,25.095,390.0846027,412.3581538,180.9726027
28/10/2014,R2,208,lower,elev,0.114,0.113,0.101,0.1,19.494,0.141,302.126,26.117,473.126,495.135901,171
28/10/2014,R2,208,lower,elev,0.189,0.188,0.156,0.154,20.035,0.138,290.945,26.371,396.950291,419.3744872,106.005291
28/10/2014,R2,208,lower,elev,,,,,20.066,0.146,302.755,25.827,#DIV/0!,#DIV/0!,#DIV/0!
28/10/2014,R2,208,lower,elev,0.032,0.032,0.031,0.031,20.061,0.147,303.84,25.731,930.74625,950.9690323,626.90625
28/10/2014,R2,209,upper,amb,0.118,0.117,0.098,0.098,14.06,0.181,260.366,27.268,379.5185424,403.8353878,119.1525424
28/10/2014,R2,209,upper,amb,0.098,0.097,0.084,0.083,14.067,0.168,250.5,27.698,394.0408163,417.9642857,143.5408163
28/10/2014,R2,209,upper,amb,0.241,0.239,0.172,0.171,13.98,0.179,259.854,27.159,317.8622988,341.1330698,58.00829876
28/10/2014,R2,209,upper,amb,0.107,0.106,0.091,0.09,13.975,0.175,256.75,27.329,387.3574766,410.3214286,130.6074766
28/10/2014,R2,209,upper,amb,0.067,0.066,0.06,0.059,13.946,0.177,259.398,27.368,467.5472537,491.8313333,208.1492537
28/10/2014,R2,209,upper,amb,,,0.481,0.478,14.008,0.177,258.278,27.491,#DIV/0!,287.4006611,#DIV/0!
28/10/2014,R2,209,upper,elev,0.166,0.165,0.137,0.136,18.467,0.188,372.395,27.908,483.641988,507.1906204,111.246988
28/10/2014,R2,209,upper,elev,,,0.6,0.596,18.685,0.181,363.628,28.02,#DIV/0!,394.7696667,#DIV/0!
28/10/2014,R2,209,upper,elev,0.32,0.318,0.225,0.223,18.357,0.169,353.415,28.84,410.780625,435.0016667,57.365625
28/10/2014,R2,209,upper,elev,,,,,18.781,0.17,351.086,28.913,#DIV/0!,#DIV/0!,#DIV/0!
28/10/2014,R2,209,upper,elev,,,0.777,0.772,18.467,0.18,364.439,28.522,#DIV/0!,388.2060528,#DIV/0!
28/10/2014,R2,209,upper,elev,0.078,0.078,0.071,0.071,18.476,0.178,362.238,28.727,599.1097949,622.4633521,236.8717949
28/10/2014,R2,209,upper,elev,0.227,0.226,0.175,0.174,18.587,0.177,360.596,28.771,442.4770573,466.8074286,81.88105727
29/10/2014,R3,R3_out,upper,amb,0.115,0.114,0.094,0.093,11.162,0.095,195.299,24.809,292.3598696,314.0436809,97.06086957
29/10/2014,R3,R3_out,upper,amb,0.136,0.134,0.108,0.106,11.299,0.096,194.738,24.822,277.8188824,299.3583704,83.08088235
29/10/2014,R3,R3_out,upper,amb,0.109,0.108,0.09,0.089,11.343,0.097,196.356,24.807,300.4202202,322.3893333,104.0642202
29/10/2014,R3,R3_out,upper,amb,0.161,0.159,0.123,0.122,11.456,0.099,197.751,24.811,268.9062795,290.8892114,71.1552795
29/10/2014,R3,R3_out,upper,amb,0.181,0.179,0.135,0.133,11.525,0.102,201.828,24.869,265.5020331,287.1983704,63.67403315
29/10/2014,R3,R3_out,upper,amb,0.106,0.105,0.088,0.087,11.665,0.102,197.942,24.888,307.9891698,330.4988182,110.0471698
29/10/2014,R3,R3_out,upper,elev,0.215,0.212,0.164,0.162,15.61,0.104,287.007,26.03,359.6116512,382.1899268,72.60465116
29/10/2014,R3,R3_out,upper,elev,0.299,0.295,0.212,0.209,15.971,0.099,269.339,25.624,322.7537157,344.6739057,53.41471572
29/10/2014,R3,R3_out,upper,elev,0.518,0.511,0.304,0.3,15.952,0.096,262.578,25.274,293.3733668,315.0516842,30.7953668
29/10/2014,R3,R3_out,upper,elev,0.281,0.277,0.203,0.2,15.75,0.095,261.881,25.012,317.9308221,339.4672069,56.04982206
29/10/2014,R3,R3_out,upper,elev,0.223,0.22,0.171,0.169,15.782,0.093,257.368,24.86,328.1393004,349.6603977,70.77130045
29/10/2014,R3,R3_out,upper,elev,0.182,0.179,0.145,0.143,15.558,0.091,255.714,24.852,341.1975165,363.0105517,85.48351648
29/10/2014,R3,R3_out,lower,amb,0.104,0.103,0.087,0.086,12.538,0.117,207.615,26.721,328.1726923,351.7299425,120.5576923
29/10/2014,R3,R3_out,lower,amb,0.182,0.179,0.138,0.136,13.226,0.115,194.264,26.414,266.9343297,290.1045797,72.67032967
29/10/2014,R3,R3_out,lower,amb,0.186,0.184,0.142,0.14,13.604,0.117,191.454,26.165,264.5937849,287.2568169,73.13978495
29/10/2014,R3,R3_out,lower,amb,0.182,0.18,0.14,0.138,13.576,0.117,192.864,25.964,267.4574066,289.8354286,74.59340659
29/10/2014,R3,R3_out,lower,amb,0.175,0.173,0.136,0.134,13.703,0.119,193.075,25.907,271.3778571,293.8323529,78.30285714
29/10/2014,R3,R3_out,lower,amb,0.194,0.192,0.148,0.146,13.865,0.12,192.749,25.863,264.2180722,286.4314324,71.46907216
29/10/2014,R3,R3_out,lower,elev,0.377,0.373,0.26,0.257,19.47,0.124,276.767,27.13,328.4115623,351.6516154,51.64456233
29/10/2014,R3,R3_out,lower,elev,0.774,0.765,0.411,0.406,19.944,0.13,282.81,26.632,308.5774419,331.3355474,25.76744186
29/10/2014,R3,R3_out,lower,elev,0.3,0.296,0.224,0.221,20.124,0.132,284.228,26.491,351.308,374.0672857,67.08
29/10/2014,R3,R3_out,lower,elev,,,0.664,0.656,20.326,0.131,279.099,26.393,#DIV/0!,309.7104458,#DIV/0!
29/10/2014,R3,R3_out,lower,elev,0.302,0.298,0.226,0.223,20.285,0.132,280.575,26.343,347.7438742,370.3316372,67.16887417
29/10/2014,R3,R3_out,lower,elev,0.371,0.367,0.263,0.26,20.403,0.133,281.773,26.321,336.7676092,359.3509468,54.99460916
30/10/2014,R5,513,lower,amb,0.156,0.155,0.127,0.126,14.277,0.253,291.983,23.989,383.5022308,404.4003228,91.51923077
30/10/2014,R5,513,lower,amb,0.131,0.13,0.11,0.109,14.15,0.239,288.098,24.031,396.1132672,416.7343636,108.0152672
30/10/2014,R5,513,lower,amb,0.137,0.136,0.113,0.111,13.801,0.222,282.743,25.62,383.4802263,404.8757434,100.7372263
30/10/2014,R5,513,lower,amb,0.131,0.129,0.108,0.107,13.856,0.211,277.517,25.323,383.2879924,405.8132963,105.7709924
30/10/2014,R5,513,lower,amb,0.109,0.108,0.093,0.092,14.002,0.221,280.94,24.998,409.3987156,431.4991398,128.4587156
30/10/2014,R5,513,lower,amb,0.135,0.134,0.112,0.111,14.044,0.222,281.001,24.845,385.0306296,406.3938571,104.0296296
30/10/2014,R5,513,lower,amb,0.113,0.112,0.096,0.095,14.099,0.224,281.742,24.83,406.5119115,428.6065833,124.7699115
30/10/2014,R5,513,lower,elev,0.229,0.226,0.182,0.181,19.039,0.245,402.976,24.66,486.115738,507.5858901,83.13973799
30/10/2014,R5,513,lower,elev,0.35,0.346,0.249,0.247,18.614,0.204,381.472,25.311,434.6548571,456.2270201,53.18285714
30/10/2014,R5,513,lower,elev,0.152,0.151,0.13,0.128,18.624,0.217,390.852,24.853,513.3783158,534.1135385,122.5263158
30/10/2014,R5,513,lower,elev,0.182,0.181,0.151,0.149,18.49,0.219,393.622,24.949,495.2154066,516.0723311,101.5934066
30/10/2014,R5,513,lower,elev,0.183,0.181,0.151,0.15,18.546,0.222,394.615,25.097,495.9592623,517.4361921,101.3442623
30/10/2014,R5,513,lower,elev,0.145,0.143,0.124,0.122,18.402,0.223,395.711,25.141,522.6213448,544.1142258,126.9103448
30/10/2014,R5,513,lower,elev,0.188,0.186,0.154,0.153,18.466,0.226,397.254,25.111,495.4774043,517.1630909,98.22340426
30/10/2014,R6,R6_out2,upper,amb,0.083,0.082,0.072,0.071,11.735,0.178,275.429,25.371,416.8145422,438.4151111,141.3855422
30/10/2014,R6,R6_out2,upper,amb,0.106,0.105,0.087,0.086,10.726,0.139,258.063,26.798,359.2516792,381.3503563,101.1886792
30/10/2014,R6,R6_out2,upper,amb,0.098,0.097,0.082,0.081,10.975,0.141,256.713,26.698,368.7027959,390.5544634,111.9897959
30/10/2014,R6,R6_out2,upper,amb,0.087,0.086,0.074,0.073,11.188,0.143,255.714,26.456,384.3117011,406.9031892,128.5977011
30/10/2014,R6,R6_out2,upper,amb,0.089,0.088,0.076,0.075,11.359,0.145,254.624,26.131,382.2532135,404.0845263,127.6292135
30/10/2014,R6,R6_out2,upper,amb,0.085,0.084,0.073,0.072,11.516,0.147,254.521,25.943,390.0033529,412.2744247,135.4823529
30/10/2014,R6,R6_out2,upper,amb,0.094,0.093,0.08,0.079,11.682,0.15,256.258,25.843,380.5345957,402.283,124.2765957
30/10/2014,R6,R6_out2,upper,elev,0.148,0.147,0.125,0.124,17.479,0.193,377.858,25.719,495.9593514,517.69,118.1013514
30/10/2014,R6,R6_out2,upper,elev,0.183,0.181,0.146,0.144,16.255,0.154,355.68,26.813,444.5051366,467.0156164,88.82513661
30/10/2014,R6,R6_out2,upper,elev,0.241,0.239,0.181,0.18,16.468,0.155,353.673,26.527,422.0049502,444.6564254,68.33195021
30/10/2014,R6,R6_out2,upper,elev,0.159,0.157,0.131,0.129,16.419,0.154,353.357,26.159,456.6211509,478.6928779,103.2641509
30/10/2014,R6,R6_out2,upper,elev,0.166,0.164,0.135,0.134,16.258,0.154,355.81,25.978,453.749759,476.2396296,97.93975904
30/10/2014,R6,R6_out2,upper,elev,0.158,0.157,0.13,0.129,16.223,0.156,357.038,25.886,459.7152152,481.8303077,102.6772152
30/10/2014,R6,R6_out2,upper,elev,0.145,0.144,0.121,0.12,16.287,0.157,358.114,25.85,470.4381379,492.7173058,112.3241379
30/10/2014,R6,R6_out1,upper,amb,0.058,0.058,0.05,0.05,8.454,0.13,275.943,27.002,421.7016207,445.023,145.7586207
30/10/2014,R6,R6_out1,upper,amb,0.083,0.082,0.067,0.067,8.34,0.124,272.6,27.056,373.0819277,397.0776119,100.4819277
30/10/2014,R6,R6_out1,upper,amb,0.058,0.057,0.05,0.05,8.392,0.125,272.867,26.88,417.5566552,440.707,144.6896552
30/10/2014,R6,R6_out1,upper,amb,0.074,0.074,0.062,0.061,8.448,0.127,273.273,26.847,387.4351622,409.5310645,114.1621622
30/10/2014,R6,R6_out1,upper,amb,0.073,0.073,0.061,0.061,8.446,0.129,274.603,26.936,390.3016301,413.0620164,115.6986301
30/10/2014,R6,R6_out1,upper,amb,0.078,0.077,0.064,0.064,8.533,0.13,274.559,27.036,383.9564359,407.887125,109.3974359
30/10/2014,R6,R6_out1,upper,elev,0.123,0.122,0.1,0.099,12.544,0.137,377.703,27.503,479.6867398,503.143,101.9837398
30/10/2014,R6,R6_out1,upper,elev,0.126,0.125,0.102,0.101,12.421,0.133,374.417,27.742,472.9963651,496.1915098,98.57936508
30/10/2014,R6,R6_out1,upper,elev,0.139,0.138,0.11,0.109,12.429,0.134,374.545,27.792,463.9622662,487.5359091,89.41726619
30/10/2014,R6,R6_out1,upper,elev,0.069,0.069,0.061,0.061,12.438,0.134,374.612,27.839,554.8728696,578.5136393,180.2608696
30/10/2014,R6,R6_out1,upper,elev,0.113,0.112,0.093,0.092,12.448,0.134,374.008,27.905,484.167292,507.8574624,110.159292
30/10/2014,R6,R6_out1,upper,elev,0.072,0.071,0.063,0.063,12.493,0.134,373.379,27.987,546.8928889,571.6805873,173.5138889
30/10/2014,R6,R6_out1,upper,elev,0.121,0.12,0.098,0.097,12.444,0.134,373.519,28.041,476.3619752,500.4985918,102.8429752
30/10/2014,R5,523,upper,amb,0.092,0.091,0.079,0.078,12.215,0.198,282.057,25.148,414.8287391,436.6772532,132.7717391
30/10/2014,R5,523,upper,amb,0.101,0.1,0.085,0.085,12.241,0.184,273.58,25.468,394.7780198,417.5917647,121.1980198
30/10/2014,R5,523,upper,amb,0.111,0.11,0.093,0.092,12.451,0.183,271.213,25.229,383.3841712,405.0947204,112.1711712
30/10/2014,R5,523,upper,amb,0.084,0.084,0.074,0.073,12.714,0.189,272.174,25.044,423.5311429,443.9848108,151.3571429
30/10/2014,R5,523,upper,amb,0.109,0.108,0.092,0.091,12.887,0.194,273.469,24.898,391.6983578,413.545087,118.2293578
30/10/2014,R5,523,upper,amb,0.107,0.106,0.091,0.09,13.078,0.199,274.181,24.755,396.4052991,417.8952857,122.2242991
30/10/2014,R5,523,upper,amb,0.114,0.113,0.096,0.095,13.161,0.206,276.554,24.83,392.0013684,413.64775,115.4473684
30/10/2014,R5,523,upper,elev,0.167,0.165,0.141,0.139,19.456,0.227,386.184,25.314,502.686994,524.1698156,116.502994
30/10/2014,R5,523,upper,elev,0.194,0.193,0.159,0.157,19.044,0.217,383.658,25.844,481.8229485,503.4315849,98.16494845
30/10/2014,R5,523,upper,elev,0.307,0.304,0.228,0.225,19.248,0.223,385.322,25.733,448.0190684,469.7430526,62.6970684
30/10/2014,R5,523,upper,elev,0.151,0.15,0.129,0.128,19.31,0.227,387.519,25.669,515.3997947,537.2089225,127.8807947
30/10/2014,R5,523,upper,elev,0.2,0.198,0.163,0.161,19.439,0.231,388.548,25.645,485.743,507.8056687,97.195
30/10/2014,R5,523,upper,elev,0.193,0.191,0.159,0.157,19.61,0.234,388.906,25.671,490.5122176,512.2393333,101.6062176
30/10/2014,R5,523,upper,elev,0.149,0.148,0.128,0.127,19.639,0.238,390.187,25.722,521.9923691,543.6166875,131.8053691
30/10/2014,R6,R6_out2,lower,amb,0.106,0.105,0.09,0.088,12.456,0.191,274.005,25.161,391.514434,412.405,117.509434
30/10/2014,R6,R6_out2,lower,amb,0.117,0.115,0.097,0.096,12.606,0.196,275.208,25.127,382.9515897,405.1667629,107.7435897
30/10/2014,R6,R6_out2,lower,amb,0.105,0.104,0.089,0.088,12.69,0.2,276.453,25.129,397.3101429,419.0372697,120.8571429
30/10/2014,R6,R6_out2,lower,amb,0.101,0.1,0.086,0.085,12.788,0.205,277.785,25.063,404.3988614,426.4826744,126.6138614
30/10/2014,R6,R6_out2,lower,amb,0.115,0.113,0.096,0.095,12.871,0.21,279.127,25.083,391.0487391,413.1999167,111.9217391
30/10/2014,R6,R6_out2,lower,amb,0.109,0.108,0.092,0.091,12.99,0.215,280.472,25.155,399.6463119,421.6676522,119.1743119
30/10/2014,R6,R6_out2,lower,elev,0.408,0.403,0.278,0.275,18.323,0.242,406.88,24.759,451.7893137,472.7900719,44.90931373
30/10/2014,R6,R6_out2,lower,elev,0.208,0.206,0.166,0.164,17.49,0.228,406.7,25.054,490.7865385,512.0614458,84.08653846
30/10/2014,R6,R6_out2,lower,elev,0.219,0.216,0.173,0.171,17.472,0.224,405.062,24.955,484.8428219,506.0562197,79.78082192
30/10/2014,R6,R6_out2,lower,elev,0.117,0.115,0.102,0.101,17.517,0.223,403.621,24.931,553.3389487,575.3562941,149.7179487
30/10/2014,R6,R6_out2,lower,elev,0.244,0.241,0.189,0.186,17.531,0.224,404.487,24.93,476.3353607,497.2436138,71.84836066
30/10/2014,R6,R6_out2,lower,elev,0.241,0.238,0.186,0.184,17.536,0.228,406.257,25.13,479.0204855,500.5365699,72.76348548
30/10/2014,R6,R6_out2,lower,elev,0.168,0.166,0.139,0.138,17.535,0.231,407.803,25.139,512.178,533.9540791,104.375
30/10/2014,R6,R6_out1,lower,amb,0.044,0.043,0.039,0.039,7.949,0.143,298.896,25.789,479.5550909,502.7165128,180.6590909
30/10/2014,R6,R6_out1,lower,amb,0.048,0.048,0.043,0.042,8.128,0.142,295.877,25.556,465.2103333,484.9002558,169.3333333
30/10/2014,R6,R6_out1,lower,amb,0.049,0.049,0.044,0.043,8.185,0.144,297.213,25.252,464.2538163,483.2357273,167.0408163
30/10/2014,R6,R6_out1,lower,amb,0.061,0.06,0.053,0.052,8.236,0.147,298.368,25.063,433.3843934,453.7642264,135.0163934
30/10/2014,R6,R6_out1,lower,amb,0.044,0.043,0.039,0.039,8.217,0.148,299.348,24.97,486.098,510.0403077,186.75
30/10/2014,R6,R6_out1,lower,amb,0.047,0.047,0.042,0.042,8.285,0.151,300.224,24.889,476.5005957,497.4859048,176.2765957
30/10/2014,R6,R6_out1,lower,amb,0.051,0.05,0.045,0.044,8.266,0.152,300.825,24.89,462.9034314,484.5138889,162.0784314
30/10/2014,R6,R6_out1,lower,elev,0.069,0.068,0.062,0.061,12.434,0.156,404.383,24.802,584.5858986,604.9313871,180.2028986
30/10/2014,R6,R6_out1,lower,elev,0.079,0.078,0.069,0.068,11.868,0.14,397.247,25.679,547.4748481,569.247,150.2278481
30/10/2014,R6,R6_out1,lower,elev,0.073,0.072,0.065,0.064,11.941,0.143,398.961,25.427,562.5363425,582.6686923,163.5753425
30/10/2014,R6,R6_out1,lower,elev,0.1,0.099,0.085,0.084,11.984,0.145,400.731,25.239,520.571,541.7192353,119.84
30/10/2014,R6,R6_out1,lower,elev,0.075,0.074,0.066,0.066,11.972,0.148,403.463,25.125,563.0896667,584.8569394,159.6266667
30/10/2014,R6,R6_out1,lower,elev,0.088,0.087,0.076,0.075,11.963,0.149,404.9,25.147,540.8431818,562.3078947,135.9431818
30/10/2014,R6,R6_out1,lower,elev,0.082,0.081,0.072,0.071,11.957,0.151,405.993,25.201,551.8100732,572.0624444,145.8170732
29/11/2014,R4,403,upper,amb,0.093,0.092,0.079,0.078,12.132,0.146,250.047,25.694,380.4986129,403.6166203,130.4516129
29/11/2014,R4,403,upper,amb,0.148,0.146,0.116,0.115,12.066,0.123,226.274,25.714,307.801027,330.2912414,81.52702703
29/11/2014,R4,403,upper,amb,0.121,0.12,0.099,0.098,12.042,0.124,227.745,25.411,327.2656612,349.3813636,99.52066116
29/11/2014,R4,403,upper,amb,0.104,0.103,0.088,0.087,12.213,0.127,229.267,25.212,346.6996923,368.0510909,117.4326923
29/11/2014,R4,403,upper,amb,0.162,0.16,0.126,0.124,12.221,0.129,231.441,25.114,306.8792716,328.4330635,75.4382716
29/11/2014,R4,403,upper,amb,0.1,0.098,0.084,0.083,12.28,0.131,232.656,25.06,355.456,378.8464762,122.8
29/11/2014,R4,403,upper,elev,0.434,0.429,0.276,0.273,17.16,0.128,311.645,26.639,351.1841705,373.818913,39.53917051
29/11/2014,R4,403,upper,elev,0.244,0.241,0.185,0.183,17.409,0.128,307.496,26.119,378.8443607,401.5987027,71.34836066
29/11/2014,R4,403,upper,elev,0.37,0.366,0.252,0.249,17.511,0.13,309.909,25.821,357.236027,379.3970952,47.32702703
29/11/2014,R4,403,upper,elev,0.21,0.208,0.166,0.164,17.42,0.132,314.433,25.623,397.385381,419.372759,82.95238095
29/11/2014,R4,403,upper,elev,0.298,0.294,0.217,0.214,17.491,0.134,316.349,25.517,375.0436309,396.9526866,58.69463087
29/11/2014,R4,403,upper,elev,0.219,0.217,0.172,0.17,17.521,0.136,319.144,25.441,399.1485662,421.0102791,80.00456621
29/11/2014,R4,408,lower,amb,0.098,0.097,0.082,0.081,12.126,0.155,256.192,27.092,379.9266939,404.0700488,123.7346939
29/11/2014,R4,408,lower,amb,0.118,0.116,0.096,0.095,12.001,0.154,256.476,27.013,358.1793898,381.4864167,101.7033898
29/11/2014,R4,408,lower,amb,0.122,0.121,0.099,0.098,12.002,0.154,256.819,26.99,355.1960492,378.0513232,98.37704918
29/11/2014,R4,408,lower,amb,0.109,0.108,0.09,0.089,12.051,0.156,257.151,26.93,367.710633,391.051,110.559633
29/11/2014,R4,408,lower,amb,0.085,0.084,0.073,0.072,12.166,0.154,253.954,26.783,397.0834118,420.6115342,143.1294118
29/11/2014,R4,408,lower,elev,0.168,0.166,0.137,0.135,16.998,0.163,359.205,26.768,460.3835714,483.2779927,101.1785714
29/11/2014,R4,408,lower,elev,0.231,0.228,0.176,0.174,16.66,0.148,346.663,26.689,418.7842121,441.3220909,72.12121212
29/11/2014,R4,408,lower,elev,0.183,0.181,0.147,0.145,16.847,0.149,346.234,26.468,438.2941093,460.8394422,92.06010929
29/11/2014,R4,408,lower,elev,0.18,0.178,0.145,0.143,16.845,0.152,349.709,26.441,443.2923333,465.8814138,93.58333333
29/11/2014,R4,408,lower,elev,0.189,0.187,0.151,0.149,16.951,0.155,351.139,26.488,440.8268307,463.3972781,89.68783069
29/11/2014,R4,408,lower,elev,0.196,0.194,0.156,0.154,17.331,0.157,348.936,26.58,437.3594694,460.0321538,88.42346939
27/10/2014,R5,501,lower,amb,0.177,0.176,0.136,0.136,12.522,0.163,264.597,24.711,335.3427627,356.6705294,70.74576271
27/10/2014,R5,501,lower,amb,0.1,0.099,0.085,0.084,12.432,0.153,258.131,25.485,382.451,404.3898235,124.32
27/10/2014,R5,501,lower,amb,0.181,0.181,0.139,0.138,12.841,0.151,253.153,25.3,324.0977514,345.534295,70.94475138
27/10/2014,R5,501,lower,amb,0.182,0.181,0.138,0.138,12.533,0.154,259.835,25.037,328.6976374,350.6538406,68.86263736
27/10/2014,R5,501,lower,amb,0.134,0.134,0.109,0.109,12.6,0.158,262.891,24.907,356.9208507,378.4873303,94.02985075
27/10/2014,R5,501,lower,amb,0.106,0.106,0.089,0.089,12.057,0.16,269.574,24.906,383.319283,405.0459101,113.745283
27/10/2014,R5,501,lower,amb,0.104,0.104,0.088,0.088,12.244,0.165,271.023,25.1,388.7537692,410.1593636,117.7307692
27/10/2014,R5,501,lower,elev,0.159,0.159,0.132,0.132,17.249,0.175,365.421,25.384,473.9052767,496.0952424,108.4842767
27/10/2014,R5,501,lower,elev,0.165,0.165,0.137,0.137,17.435,0.177,365.156,25.208,470.8226667,492.4187737,105.6666667
27/10/2014,R5,501,lower,elev,0.246,0.246,0.192,0.192,18.64,0.179,357.205,24.761,432.9773577,454.2883333,75.77235772
27/10/2014,R5,501,lower,elev,0.258,0.257,0.197,0.197,17.701,0.179,365.397,24.567,434.0055271,455.2497919,68.60852713
27/10/2014,R5,501,lower,elev,0.279,0.279,0.209,0.209,17.518,0.176,365.05,24.675,427.8385305,448.8681818,62.78853047
27/10/2014,R5,501,lower,elev,0.162,0.162,0.135,0.135,17.395,0.173,362.655,24.884,470.0315432,491.5068519,107.3765432
27/10/2014,R5,501,lower,elev,0.258,0.258,0.193,0.193,16.502,0.173,369.441,25.088,433.4022403,454.9435907,63.96124031
27/10/2014,R5,513,upper,amb,0.113,0.113,0.095,0.096,14.499,0.139,213.827,26.923,342.1367345,366.4480526,128.3097345
27/10/2014,R5,513,upper,amb,0.079,0.079,0.067,0.068,10.945,0.14,255.811,26.715,394.3553038,419.169209,138.5443038
27/10/2014,R5,513,upper,amb,0.153,0.153,0.116,0.116,10.908,0.142,257.21,26.69,328.5041176,351.2444828,71.29411765
27/10/2014,R5,513,upper,amb,0.085,0.085,0.072,0.072,11.406,0.142,250.582,26.667,384.7702353,408.9986667,134.1882353
27/10/2014,R5,513,upper,amb,0.243,0.243,0.165,0.165,11.645,0.144,251.819,26.436,299.7408107,322.3947576,47.9218107
27/10/2014,R5,513,upper,amb,0.068,0.068,0.06,0.06,11.777,0.145,249.653,26.08,422.8441765,445.9363333,173.1911765
27/10/2014,R5,513,upper,elev,0.088,0.088,0.078,0.078,15.907,0.148,356.093,25.486,536.8543636,560.0288974,180.7613636
27/10/2014,R5,513,upper,elev,,,,,15.229,0.143,356.823,24.864,#DIV/0!,#DIV/0!,#DIV/0!
27/10/2014,R5,513,upper,elev,0.085,0.085,0.076,0.076,15.435,0.143,355.226,24.885,536.8142353,558.3181053,181.5882353
27/10/2014,R5,513,upper,elev,0.405,0.405,0.259,0.259,15.1,0.142,356.817,24.867,394.1009506,415.1181583,37.28395062
27/10/2014,R5,513,upper,elev,0.084,0.084,0.075,0.075,14.681,0.141,360.894,24.856,535.6678095,556.6406667,174.7738095
27/10/2014,R5,513,upper,elev,0.199,0.199,0.156,0.156,15.265,0.14,353.018,24.941,429.7265427,450.8705641,76.70854271
27/10/2014,R5,501,lower,elev,0.162,0.162,0.135,0.135,17.395,0.173,362.655,24.884,470.0315432,491.5068519,107.3765432
27/10/2014,R5,501,lower,elev,0.258,0.258,0.193,0.193,16.502,0.173,369.441,25.088,433.4022403,454.9435907,63.96124031
,,,,,,,,,,,,,,,
,,,,,,,,,,,,,,,89.50908771
